{"cameraMode":{"drawMode":0,"name":"Shaded","section":"Shading Mode"},"sceneLighting":false,"audioPlay":false,"sceneViewState":{"m_AlwaysRefresh":false,"showFog":true,"showSkybox":false,"showFlares":true,"showImageEffects":true,"showParticleSystems":true,"showVisualEffectGraphs":true,"m_FxEnabled":true},"in2DMode":false,"pivot":{"x":4.042273998260498,"y":0.816933810710907,"z":3.767648458480835},"rotation":{"x":-0.0018774643540382386,"y":0.9979874491691589,"z":-0.03516792505979538,"w":-0.05633578449487686},"size":0.43544885516166689,"orthographic":false}